Category,Parent Node,Description,Conversation Sample
Minimalist Lifestyle,Personal Development,"""The Minimalist Lifestyle category focuses on the philosophy and practice of living with less. It emphasizes simplicity, mindfulness, and the pursuit of experiences over material possessions. This approach to life encourages individuals to declutter their physical and mental spaces, leading to a more purposeful and stress-free existence.""","User: ""I want to simplify my life but don’t know where to start.""
Bot: ""Embracing minimalism is about identifying what is essential and letting go of the excess. Let’s discuss how you can start this journey towards a simpler, more fulfilling lifestyle."""
Minimizing & Evaluating Personal Belongings,Personal Development,"Evaluating and minimizing personal belongings to only what adds value to your life.
","User: ""I feel overwhelmed by the amount of stuff I own. How can I start to minimize my belongings?"""
Decluttering and Organization,Personal Development,"Reducing physical clutter to create a more peaceful living environment.
","User: 'How does decluttering my space contribute to a minimalist lifestyle?'
Talk to Eve: 'Decluttering can help reduce distractions, simplify your cleaning routine, and create a calming space.'

"
Minimalism & Intentional Living,Personal Development/Lifestyle,"""The Minimalism & Intentional Living category focuses on the practice of living with less and making conscious decisions to only have what you need, reducing waste and excess. This lifestyle can contribute to better mental health, more financial freedom, greater physical health and improved relationships.""","User: 'What are the principles of intentional living in minimalism?'
Talk to Eve: 'Intentional living involves making conscious choices that align with your core values and reduce excess in all areas of life.'
"
Personal Growth,Personal Development,"""The Personal Growth category focuses on individual development and self-improvement. It investigates various avenues for learning, strengthening life skills, and fostering a better understanding of oneself. Focusing on personal growth is essential to enhancing one's quality of life and achieving personal success.""","User: ""I want to focus on my personal growth. Where do I start?"""
Mindful Living,Personal Development,Mindful Living,"User: ""I have been feeling rather stressed lately and I want to try something new to manage it."""
Emotions,Mental Health,"Emotions encompass a wide range of feelings and states that arise in response to stimuli or internal thoughts. Understanding and managing emotions is key to mental well-being. This category explores various emotional states, their triggers, and effective strategies for emotional regulation.""","User: ""I often feel overwhelmed by my emotions.""
Bot: ""It’s important to recognize and understand your emotions. Let’s explore some strategies to manage them."""
Travel & Adventures,Personal Growth,"This category covers a broad spectrum of activities and experiences related to travel and adventures. It includes planning and undertaking journeys, exploring new destinations, engaging in outdoor activities, and embracing cultural experiences. The focus is on the joy of discovery and the personal growth that comes from experiencing new places and cultures.","User: ""I'm planning a trip to Europe and looking for unique experiences.""
Bot: ""Europe offers a rich tapestry of cultures and landscapes. Let's explore some off-the-beaten-path destinations and activities that align with your interests."""
Financial Management,Personal Finance,"Financial Management encompasses the effective and efficient management of funds in such a manner as to accomplish the objectives of the organization. It includes budgeting, saving, investing, managing debt, and planning for the future. This category is crucial for achieving financial stability and independence.""","User: ""How can I manage my finances more effectively?""
Bot: ""Effective financial management involves creating a budget, monitoring expenses, and planning for future needs. Let’s discuss your financial goals and create a strategy."""
Mental Health,Health and Wellness,"Mental Health is a crucial aspect of overall well-being, encompassing emotional, psychological, and social wellness. It affects how individuals think, feel, and act, influencing how they handle stress, relate to others, and make choices. This category covers topics such as stress management, coping mechanisms, emotional intelligence, and mental disorders.","User: ""I’ve been feeling very stressed lately.""
Bot: ""Stress is a normal part of life, but managing it effectively is important for your mental health. Let’s explore some strategies to help you cope."""
Self-Improvement,Personal Development,"""The Self-Improvement category focuses on personal growth and improvement in various areas such as skills enhancement, productivity, health and wellness, and attitude. It encourages personal development through learning and setting personal goals. This category promotes the importance of self-improvement for a successful and satisfying life.""","User: ""I want to be more productive in my life."""
Career and Financ,Personal Development,"""The Career and Finance category tackles the professional and financial aspects of life. It involves topics like career planning and growth, personal finance management, and workplace relations. Understanding these elements is essential in achieving professional success and financial stability.""","User: ""I need advice on managing my finances."""
"Mindfulness and Meditation ",Personal Development,"""The Mindfulness and Meditation category promotes practices that help improve focus, reduce stress, and increase tranquility in life. It explores various mindfulness techniques, meditation styles, and the positive effects they have on mental health and overall well-being.""","User: ""I want to start meditating for stress relief."""
Health and Wellness,Self-Care,"""The Health and Wellness category deals with the various aspects of physical and mental health. It touches on areas such as mindfulness, physical activity, nutrition, stress management and more. Understanding and focusing on health and wellness is instrumental to maintaining a balanced life and achieving long term happiness.""","User: ""I want to start focusing more on my health."""
Family,Personal Relationships,"""The Family category focuses on the dynamics, relationships, and challenges within family units. It includes topics such as parenting, communication, conflict resolution, and family bonding. Understanding family dynamics is crucial for nurturing healthy relationships and promoting emotional well-being within the household.""","User: ""I’m struggling with communication in my family.""
Bot: ""Effective communication is key to healthy family relationships. Let’s explore some strategies to improve communication within your family."""
"Happiness and Fulfillment ",Personal Development," ""The Happiness and Fulfillment category delves into the concepts and practices that contribute to a sense of joy and contentment in life. It explores the psychological and emotional aspects of happiness, strategies for cultivating fulfillment, and the impact of mindset and lifestyle choices on overall well-being.""","User: ""How can I find more happiness in my daily life?""
Bot: ""Happiness often comes from appreciating the small things and engaging in activities that bring you joy. Let’s discuss your interests and how to incorporate them more into your daily routine."""
Hobbies & Interests,Personal Development,"""The Hobbies & Interests category encompasses a wide array of activities and pursuits that individuals engage in for pleasure, relaxation, and personal growth. It covers various hobbies from creative arts, sports, and music to technology and gardening, highlighting the importance of hobbies in enhancing quality of life and promoting mental and physical well-being.""","User: ""I’m looking for a new hobby to relax and unwind.""
Bot: ""Exploring new hobbies can be a great way to relax. Let’s consider your interests and find an activity that you will enjoy and find fulfilling."""
Work,Career Development,"""The Work category focuses on various aspects of professional life, including job satisfaction, workplace dynamics, career growth, and work-life balance. It explores topics such as navigating workplace challenges, enhancing productivity, and achieving professional goals, all while maintaining a healthy balance with personal life.""","User: ""I’m feeling overwhelmed with my workload.""
Bot: ""Managing workload effectively is key to work satisfaction and productivity. Let’s discuss time management strategies and how to prioritize tasks."""
Learning and Education,Personal Development,"""The Learning and Education category covers the pursuit of knowledge and skills through various educational avenues. It includes formal education, self-directed learning, online courses, and experiential learning opportunities. This category emphasizes the importance of lifelong learning in personal growth, career advancement, and adapting to an ever-changing world.""","User: ""I want to improve my skills but don’t know where to start.""
Bot: ""Identifying your goals and interests is the first step. Let’s explore different learning opportunities that align with your objectives."""
Spiritual Life,Personal Development,"The Spiritual Life category explores the diverse aspects of spirituality and its impact on personal well-being. It encompasses practices, beliefs, and experiences that contribute to an individual’s sense of purpose, connection, and inner peace. This category covers topics such as meditation, mindfulness, religious beliefs, and the quest for meaning and self-discovery.""","User: ""How can I incorporate more spirituality into my daily routine?""
Bot: ""Integrating spiritual practices into your daily life can provide a sense of peace and purpose. Let’s explore practices that resonate with you and how to make them a part of your everyday routine.""
"
Stress Management,"Mental Health ","""Stress Management is a critical aspect of maintaining mental health and overall well-being. This category focuses on identifying stressors, understanding their impact, and developing effective coping strategies. It covers various techniques such as relaxation methods, time management, and mindfulness practices, aiming to reduce stress and enhance life quality.""","User: ""I’ve been feeling stressed and don’t know how to handle it.""
Bot: ""Managing stress is crucial for your health. Let’s explore some techniques that can help you relax and regain control."""
"Daily Routines ",Personal Development,"Daily Routines focuses on the structure and habits that make up an individual's daily life. This category explores the importance of establishing routines for productivity, wellness, and personal fulfillment. It includes topics such as morning routines, work-life balance, healthy habits, and time management to optimize day-to-day efficiency and well-being.""","User: ""I struggle to maintain a productive routine.""
Bot: ""Establishing a consistent daily routine can significantly improve productivity and well-being. Let’s look at your current habits and see how we can optimize them for a better daily structure."""
Coping Strategies,Mental Health,"Coping Strategies are techniques and methods that individuals use to manage and navigate through emotional, mental, or physical challenges. This category delves into various strategies like stress reduction techniques, mindfulness, emotional regulation, and problem-solving skills. These strategies are vital for maintaining mental health and resilience in the face of life’s challenges.","User: ""How can I deal with feeling overwhelmed at work?""
Bot: ""Feeling overwhelmed can be managed through effective coping strategies. Let’s explore some methods like time management, relaxation techniques, and seeking support."""
"Personal Information ",YOU,"Personal Information covers the data and details that define an individual’s identity and personal history. This category includes aspects such as biographical data, personal achievements, medical history, and other personal characteristics. Understanding and managing one’s personal information is crucial for self-awareness and personal growth.""","User: ""How can I keep track of my personal achievements and goals?""
Bot: ""Maintaining a record of your personal achievements and setting clear goals is important for your personal development. Let’s explore some ways to effectively track and manage this information.""
"
Recreational Activities,Hobbies & Interest,"""The Recreational Activities category encompasses various activities and pursuits undertaken for enjoyment and relaxation in leisure time. It ranges from outdoor adventures, games, exercises to cultural activities and social events. Participating in recreational activities aids in reducing stress, promoting physical health, and enhancing social interaction and community engagement.""","User: ""I am looking for some recreational activities to do in my free time."""
Exercise and Fitness,Physical Health,"""The Exercise and Fitness category promotes a healthy lifestyle through physical activity. It includes various forms of exercise, fitness tips and strategies, and the benefits of regular physical activity for overall health and well-being. Understanding exercise and fitness concepts is crucial for maintaining physical health and promoting mental well-being.""","User: ""I want to improve my physical health by exercising more."""
Budgeting and Saving,Finance,"""The Budgeting and Saving category focuses on strategies for financial management and wealth building. It covers topics such as budget planning, cost-cutting, saving strategies, and investing. Understanding these aspects is crucial for financial stability and long-term financial growth.""","User: ""I need help with managing my budget."""
"Eco-Friendly Living ",Personal Development,"""The Eco-Friendly Living category delves into sustainable and environmentally friendly practices to enhance our lifestyle. It covers topics from waste management, energy conservation, to green consumerism, encouraging individuals to adopt eco-friendly habits for a healthier planet.""","User: ""I want to live a more eco-friendly lifestyle but I don't know where to start."""
Innovative Thinking,Career Progressio,"""The Innovative Thinking category delves into the skills and practices necessary for out-of-the-box thinking towards problem-solving and feature development. This includes brainstorming, creative thinking, and the ability to identify unique opportunities for growth in a business context.""","User: ""I'm trying to think of innovative ideas to progress in my career."""
"Relationships ",Personal Development,"""The Relationships category examines the various types of personal relationships people have and how to nurture them. This includes friendships, romantic relationships, and professional relationships. It discusses communication, problem-solving, and other key aspects of maintaining healthy relationships.""","User: ""I'm having trouble forming connections with others."""
"Physical Health ",Personal Development,"""The Physical Health category focuses on the aspects that contribute to improving and maintaining bodily health. It covers diverse elements like exercise, nutrition, rest, and prevention of diseases. Emphasizing the influence of physical health on overall well-being and life quality.""","User: ""I want to establish a healthy exercise routine."""
"Personal Development ",Life Management,"""The Personal Development category delves into the strategies and tools for self-improvement and personal growth. It covers a broad range of topics, ranging from self-discipline, goal setting, productivity to resilience, all aimed at enhancing life skills and achieving personal goals.""","User: ""I am trying to set personal goals but struggling with it."""
Personal Growth,Life Management,"""The Personal Growth category is about harnessing skills and strategies to facilitate self-improvement and personal development. It covers a range of topics from goal setting, problem-solving, decision-making, to resilience and emotional intelligence, underlining the importance of active life management for personal growth and well-being.""","User: ""I feel like I'm stuck in my life."""
Anxiety and Fears,Mental Health,"""The 'Anxiety and Fears' category delves into the nature, causes, and coping strategies for anxiety and fears. It covers a range of topics from understanding what triggers anxiety, to skills and strategies that can help manage fears, to professional help options. Understanding and addressing our fears and anxiety is a crucial part of achieving mental well-being.""","User: ""I've been feeling very anxious lately."""
"Achievements ",Personal Growt,"""The Achievements category focuses on the recognition of personal accomplishments and milestones. This includes topics such as goal setting, perseverance, and the celebration of personal successes. Recognizing achievements is crucial in fostering a sense of self-worth and personal development.""","User: ""I reached a significant milestone in my personal growth and I want to celebrate it."""
Medical History,Healthcare Management,"""The Medical History category delves into past and present conditions, diseases, treatments, and overall health of an individual or family. It provides a comprehensive look at one's health trajectory, contributing factors, and potential risks. Understanding medical history can inform future healthcare decisions and help formulate personalized treatment plans.""","User: ""I'm trying to understand my family's medical history."""
Goals & Aspirations,Personal Development,"""The Goals & Aspirations category is dedicated to helping individuals identify, set and achieve various personal, academic, and professional goals. It provides support in planning steps, maintaining motivation, overcoming obstacles and celebrating achievements. Understanding individual aspirations is key to fostering personal growth and nurturing self-efficacy.""","User: ""I want to set personal goals but don't know where to start."""
Health & Wellness,Physical Health,"""The Health & Wellness category addresses the various aspects of leading a healthy lifestyle, including exercise, nutrition, and mental well-being. It covers topics about balanced diets, different types of exercises, managing stress, and maintaining an overall healthy lifestyle. Understanding health and wellness is important for developing healthy habits and optimizing personal health.""","User: ""I’ve been feeling really stressed lately and it’s affecting my health."""
Home & Living Life Management,Home & Living,"""The Home & Living category focuses on aspects of managing and living in a home, from organization and cleaning to decor and maintenance. It provides information and advice on creating a comfortable, functional living environment. This can also encompass topics like gardening, DIY home projects, and sustainable living practices.""","User: ""I'm looking for tips on organizing my home."""
Social Life,Relationships,"""The Social Life category addresses the various aspects of personal and professional interactions and social situations. It includes topics such as making new friends, networking, social etiquette, and handling social anxieties. Good social skills are paramount in fostering meaningful and enriching relationships with others.""","User: ""I have difficulty making new friends."""
Recreation and Leisure,Hobbies & Interest,"""The Recreation and Leisure category explores various forms of activities and entertainment that brings joy, relaxation, and an escape from daily routines. It highlights the significance of such activities in improving our mood, promoting creativity, and enhancing our physical health and well-being.""","User: ""I need some advice on leisure activities."""
Resilience and Grit,Personal Growt,"""The Resilience and Grit category delves into the mindset and strategies needed to overcome adversity, challenges, and setbacks. It emphasizes the importance of resilience, perseverance, and a 'grit' attitude in achieving goals and maintaining emotional well-being. This category aids individuals to develop strategies and coping mechanisms to enhance their mental toughness and resilience.""","User: ""I'm having a hard time staying motivated when faced with challenges."""
Work-Life Balance,Personal Development,"""The Work-Life Balance category is centered on the practices and strategies one can adopt to manage demands of their professional and personal lives. It includes topics like stress management, time management, prioritization and boundary setting, aiming to help individuals achieve a better balance and reduce the stress of juggling multiple responsibilities.""","User: ""I’m having trouble managing my time between work and leisure."""
Dreams (Sleep),Mental Health,"""The Dreams (Sleep) category delves into the understanding and interpretation of dreams, the physiological and psychological aspects of dreaming, and its role upon restful sleep. It explores how dreams relate to our subconscious mind, sleep quality and mental health.""","User: ""I’ve been having disturbing dreams recently."""
Career Progression,Wor,"""The Career Progression category delves into topics related to professional growth and the advancement in one's career. This includes strategies for achieving career goals, overcoming obstacles within the workplace, and maintaining continuous learning and development within the chosen career path.""","User: ""I’m having difficulty advancing in my career."""
"Mental Health ",Personal Development,"""The Mental Health category explores the practices and understandings necessary to maintain and improve mental well-being. It guides in understanding the importance of mental health, along with various mental disorders and their impacts. This category anchors discussions around stress management, emotional regulation, cultivating resilience, and generally promoting a healthy mind.""","User: ""I have been feeling quite stressed recently."" "
"Finance ",Life Management,"""The Finance category focuses on resources, advice, and strategies for effective financial management. It includes topics such as budgeting, investing, tax planning, debt management, and retirement planning. Understanding these finance elements is crucial for securing financial stability, achieving financial goals, and promoting a stress-free financial future.""","User: ""I need help creating a budget."""
Creative Projects,Hobbies & Interest,"""The Creative Projects category includes activities that entail creating something new and uniquely expressive, such as painting, crafting, baking, DIY projects, and more. This category emphasizes the significance of creativity in personal development, celebrating self-expression and promoting mental health.""","User: ""I feel like I need a creative outlet, any ideas?"""
Innovation and Creativity,Skills & Talents,"""The Innovation and Creativity category pertains to the exploration and enhancement of individual creativity and innovative thinking. It covers methods for stimulating creativity, innovation strategies, and how these skills can be applied in diverse areas of life. Understanding innovation and creativity can help individuals approach problems in unique ways and foster personal and professional growth.""","User: ""I'm feeling stuck creatively, do you have any tips?"""
Lifelong Learning,Personal Development,"""The Lifelong Learning category emphasizes the importance and benefits of ongoing education and learning at all stages of life. It explores various forms of learning, from formal education and online courses to self-taught skills and hobbies. Lifelong learning not only enriches your life with knowledge and skills, but can also improve your adaptability and resilience in an ever-changing world.""","User: ""I want to continue learning and growing, but I'm not sure where to start."""
"Mental Wellness ",Personal Development,"""The Mental Wellness category addresses the importance of maintaining a positive state of mental health and providing strategies for managing mental stress, anxiety, and other issues. It includes topics such as mindfulness, stress management, and developing a strong and positive mental state. Fostering mental wellness is essential to an individual's overall health and well-being.""","User: ""I feel really stressed lately, how can I handle this better?"""
"Philosophical Beliefs ",Personal Development,"""The Philosophical Beliefs category delves into diverse ideologies and intellectual thoughts concerning life's fundamental questions. It guides individuals to reflect on their beliefs, challenge their perspectives, and foster intellectual growth. This category also emphasizes critical thinking, ethical considerations, and the interplay of personal beliefs with one's behavior and decision making.""","User: ""I'm struggling to define my philosophical beliefs."""
Digital Footprint,Personal Development,"""The Digital Footprint category delves into the impact and implications of an individual's online presence. It covers topics such as online privacy, managing digital identity, and the influence of online actions on personal and professional life. Understanding digital footprint is essential for safeguarding privacy, promoting positive online interactions and crafting a beneficial digital image.""","User: ""I'm worried about my digital footprint and privacy."""
Personality,Personal Development,"""The Personality category delves into the various aspects of an individual's character, traits, behaviors and their impact on personal and professional life. It explores concepts such as personality types, personal growth, and understanding oneself better. Gaining insights into our personalities can lead to improved self-awareness and overall personal development.""","User: ""I want to understand my personality better."""
"Skills & Talents ",Career Progressio,"""The Skills & Talents category caters to the enhancement and maximization of one's innate abilities and learned skills in the context of career progression. This includes topics on talent nurturing, upskilling, skill application, and mastery. Recognizing and honing your abilities can help steer your career in the direction you desire.""","User: ""I would like to enhance my skills to progress in my career."" "
Personal Finance,Financial Managemen,"""The Personal Finance category delves into the various aspects of managing personal financial affairs. This includes budgeting, investment, tax planning, and retirement planning. Understanding personal finance is critical for maintaining financial stability and growing wealth for future needs and aspirations.""","User: ""I need help with managing my budget."""
Education,Personal Development,"""The Education category delves into the importance of learning and intellectual growth. This can include traditional academic education, as well as self-directed learning and continuous personal development. Topics can range from study techniques, learning new skills, evolving your career, or exploring new areas of knowledge.""","User: ""I’m feeling overwhelmed by my studies, any tips?"""
"Challenges & Setbacks ",Personal Development,"""The Challenges & Setbacks category deals with the obstacles, difficulties, and roadblocks one might face in life. It offers insights and guidance on how to navigate through these challenges, build resilience, and develop coping strategies. Understanding and overcoming setbacks is crucial for personal growth and development.""","User: ""I'm facing a lot of challenges in my life right now."""
Community Engagement,Life Management,"""The Community Engagement category emphasizes the importance of participating in and contributing to one's community. It discusses the emotional and social benefits of community involvement, strategies for effective engagement, and the diverse ways in which individuals can make a positive impact in their local community.""","User: ""I want to get involved in my community, but I'm not sure where to start."""