Category,Parent Node,sibling node,Description,Conversation Sample,Tags
Minimalist Lifestyle 🧘‍♀️,Personal Development,,"""The Minimalist Lifestyle category focuses on the philosophy and practice of living with less. It emphasizes simplicity, mindfulness, and the pursuit of experiences over material possessions. This approach to life encourages individuals to declutter their physical and mental spaces, leading to a more purposeful and stress-free existence.""","User: ""I want to simplify my life but don’t know where to start.""
Bot: ""Embracing minimalism is about identifying what is essential and letting go of the excess. Let’s discuss how you can start this journey towards a simpler, more fulfilling lifestyle.""",
Sub-category ,,,"Evaluating and minimizing personal belongings to only what adds value to your life.
",,
1,,Decluttering Space,"Reducing physical clutter to create a more peaceful living environment.
","User: 'How does decluttering my space contribute to a minimalist lifestyle?'
Talk to Eve: 'Decluttering can help reduce distractions, simplify your cleaning routine, and create a calming space.'

",#Minimalist Lifestyle  #Decluttering_Space
2,,,,"User: 'What are the principles of intentional living in minimalism?'
Talk to Eve: 'Intentional living involves making conscious choices that align with your core values and reduce excess in all areas of life.'
",
3,,,,,
4,,,Mindful Living,,
Emotions 🧠,Mental Health,,"Emotions encompass a wide range of feelings and states that arise in response to stimuli or internal thoughts. Understanding and managing emotions is key to mental well-being. This category explores various emotional states, their triggers, and effective strategies for emotional regulation.""","User: ""I often feel overwhelmed by my emotions.""
Bot: ""It’s important to recognize and understand your emotions. Let’s explore some strategies to manage them.""",
Travel & Adventures 🌏,Personal Growth,,"This category covers a broad spectrum of activities and experiences related to travel and adventures. It includes planning and undertaking journeys, exploring new destinations, engaging in outdoor activities, and embracing cultural experiences. The focus is on the joy of discovery and the personal growth that comes from experiencing new places and cultures.","User: ""I'm planning a trip to Europe and looking for unique experiences.""
Bot: ""Europe offers a rich tapestry of cultures and landscapes. Let's explore some off-the-beaten-path destinations and activities that align with your interests.""",
Financial Management  💼,Personal Finance,,"Financial Management encompasses the effective and efficient management of funds in such a manner as to accomplish the objectives of the organization. It includes budgeting, saving, investing, managing debt, and planning for the future. This category is crucial for achieving financial stability and independence.""","User: ""How can I manage my finances more effectively?""
Bot: ""Effective financial management involves creating a budget, monitoring expenses, and planning for future needs. Let’s discuss your financial goals and create a strategy.""",
Mental Health,Health and Wellness,,"Mental Health is a crucial aspect of overall well-being, encompassing emotional, psychological, and social wellness. It affects how individuals think, feel, and act, influencing how they handle stress, relate to others, and make choices. This category covers topics such as stress management, coping mechanisms, emotional intelligence, and mental disorders.","User: ""I’ve been feeling very stressed lately.""
Bot: ""Stress is a normal part of life, but managing it effectively is important for your mental health. Let’s explore some strategies to help you cope.""",
Sub-category ,,,,,
,,,,,
,,,,,
,,,,,
Family  👨‍👩‍👦,Personal Relationships,,"""The Family category focuses on the dynamics, relationships, and challenges within family units. It includes topics such as parenting, communication, conflict resolution, and family bonding. Understanding family dynamics is crucial for nurturing healthy relationships and promoting emotional well-being within the household.""","User: ""I’m struggling with communication in my family.""
Bot: ""Effective communication is key to healthy family relationships. Let’s explore some strategies to improve communication within your family.""",
Happiness and Fulfillment 😊 ,Personal Development,," ""The Happiness and Fulfillment category delves into the concepts and practices that contribute to a sense of joy and contentment in life. It explores the psychological and emotional aspects of happiness, strategies for cultivating fulfillment, and the impact of mindset and lifestyle choices on overall well-being.""","User: ""How can I find more happiness in my daily life?""
Bot: ""Happiness often comes from appreciating the small things and engaging in activities that bring you joy. Let’s discuss your interests and how to incorporate them more into your daily routine.""",
Hobbies & Interests  🦄,Personal Development,,"""The Hobbies & Interests category encompasses a wide array of activities and pursuits that individuals engage in for pleasure, relaxation, and personal growth. It covers various hobbies from creative arts, sports, and music to technology and gardening, highlighting the importance of hobbies in enhancing quality of life and promoting mental and physical well-being.""","User: ""I’m looking for a new hobby to relax and unwind.""
Bot: ""Exploring new hobbies can be a great way to relax. Let’s consider your interests and find an activity that you will enjoy and find fulfilling.""",
Work  👨🏻‍💻,Career Development,,"""The Work category focuses on various aspects of professional life, including job satisfaction, workplace dynamics, career growth, and work-life balance. It explores topics such as navigating workplace challenges, enhancing productivity, and achieving professional goals, all while maintaining a healthy balance with personal life.""","User: ""I’m feeling overwhelmed with my workload.""
Bot: ""Managing workload effectively is key to work satisfaction and productivity. Let’s discuss time management strategies and how to prioritize tasks.""",
Learning and Education  🎓,Personal Development,,"""The Learning and Education category covers the pursuit of knowledge and skills through various educational avenues. It includes formal education, self-directed learning, online courses, and experiential learning opportunities. This category emphasizes the importance of lifelong learning in personal growth, career advancement, and adapting to an ever-changing world.""","User: ""I want to improve my skills but don’t know where to start.""
Bot: ""Identifying your goals and interests is the first step. Let’s explore different learning opportunities that align with your objectives.""",
Spiritual Life  🕊️,Personal Development,,"The Spiritual Life category explores the diverse aspects of spirituality and its impact on personal well-being. It encompasses practices, beliefs, and experiences that contribute to an individual’s sense of purpose, connection, and inner peace. This category covers topics such as meditation, mindfulness, religious beliefs, and the quest for meaning and self-discovery.""","User: ""How can I incorporate more spirituality into my daily routine?""
Bot: ""Integrating spiritual practices into your daily life can provide a sense of peace and purpose. Let’s explore practices that resonate with you and how to make them a part of your everyday routine.""
",
Stress Management  💆‍♂️,Mental Health ,,"""Stress Management is a critical aspect of maintaining mental health and overall well-being. This category focuses on identifying stressors, understanding their impact, and developing effective coping strategies. It covers various techniques such as relaxation methods, time management, and mindfulness practices, aiming to reduce stress and enhance life quality.""","User: ""I’ve been feeling stressed and don’t know how to handle it.""
Bot: ""Managing stress is crucial for your health. Let’s explore some techniques that can help you relax and regain control.""",
Daily Routines ,Personal Development,,"Daily Routines focuses on the structure and habits that make up an individual's daily life. This category explores the importance of establishing routines for productivity, wellness, and personal fulfillment. It includes topics such as morning routines, work-life balance, healthy habits, and time management to optimize day-to-day efficiency and well-being.""","User: ""I struggle to maintain a productive routine.""
Bot: ""Establishing a consistent daily routine can significantly improve productivity and well-being. Let’s look at your current habits and see how we can optimize them for a better daily structure.""",
Coping Strategies  🛡️,Mental Health,,"Coping Strategies are techniques and methods that individuals use to manage and navigate through emotional, mental, or physical challenges. This category delves into various strategies like stress reduction techniques, mindfulness, emotional regulation, and problem-solving skills. These strategies are vital for maintaining mental health and resilience in the face of life’s challenges.","User: ""How can I deal with feeling overwhelmed at work?""
Bot: ""Feeling overwhelmed can be managed through effective coping strategies. Let’s explore some methods like time management, relaxation techniques, and seeking support.""",
Personal Informationℹ️ ,YOU,,"Personal Information covers the data and details that define an individual’s identity and personal history. This category includes aspects such as biographical data, personal achievements, medical history, and other personal characteristics. Understanding and managing one’s personal information is crucial for self-awareness and personal growth.""","User: ""How can I keep track of my personal achievements and goals?""
Bot: ""Maintaining a record of your personal achievements and setting clear goals is important for your personal development. Let’s explore some ways to effectively track and manage this information.""
",
Recreational Activities  🏞️,[Hobbies & Interests 🦄,,,,
Exercise and Fitness  🏋️‍♀️,[Physical Health 🧘🏻‍♂️,,,,
Budgeting and Saving  💰,[Finance 💸,,,,
Eco-Friendly Living  🌱,[Personal Development,,,,
Innovative Thinking  💡,[Career Progression 📈,,,,
Relationships  🫧,[Personal Development,,,,
Physical Health  🧘🏻‍♂️,[Personal Development,,,,
Personal Development  ↗️,[Life Management,,,,
Personal Growth ↗️,[Life Management,,,,
Anxiety and Fears  😨,[Mental Health 🧠,,,,
Achievements  🏆,[Personal Growth↗️,,,,
Medical History  🏥,[Healthcare Management 🩺,,,,
Goals & Aspirations  🌳,[Personal Development,,,,
Health & Wellness  🧘,[Physical Health 🧘🏻‍♂️,,,,
Home & Living  🏠,[Life Management,,,,
Social Life  🤝,[Relationships 🫧,,,,
Recreation and Leisure  🎭,[Hobbies & Interests 🦄,,,,
Resilience and Grit  🌪️,[Personal Growth↗️,,,,
Work-Life Balance  🧘‍♂️,[Personal Development,,,,
Dreams (Sleep)  😴,[Mental Health 🧠,,,,
Career Progression  📈,[Work 👨🏻‍💻,,,,
Mental Health  🧠,[Personal Development,,,,
Finance  💸,[Life Management,,,,
Creative Projects  🎨,[Hobbies & Interests 🦄,,,,
Innovation and Creativity  💡,[Skills & Talents 🏆,,,,
Lifelong Learning  📚,[Personal Development,,,,
Mental Wellness  🧠,[Personal Development,,,,
Philosophical Beliefs  🧠,[Personal Development,,,,
Digital Footprint  🖥️,[Personal Development,,,,
Personality  🎭,[Personal Development,,,,
Skills & Talents  🏆,[Career Progression 📈,,,,
Personal Finance  💳,[Financial Management 💼,,,,
Education  🎓,[Personal Development,,,,
Challenges & Setbacks ,[Personal Development,,,,
Community Engagement  🌐,[Life Management,,,,