{"name": "anonymous health and wellbeing survey y2 2023",
 "date": "05-12-2023", 
 "due_date": "05-02-2024", 
 "questions": [
 {"question": "What is your position?", "options": ["Officer / Chief / SL", "Operator / Rating", "Other"], "option_type": "single"},
 {"question": "What is your age?", "options": ["Under 24", "25 - 34", "35 - 44", "45 - 54", "Over 55"], "option_type": "single"}, 
 {"question": "What shift are you on?", "options": ["00 - 12", "12 - 24", "Dayshift", "Other"], "option_type": "single"}, 
 {"question": "How many years of seismic offshore experience do you have?", "options": ["1 year or less", "2 - 4 years", "5 - 9 years", "10 - 15 years", "Over 15 years"], "option_type": "single"}, 
 {"question": "Which vessel do you work on?", "options": ["Tethys", "Sovereign", "Vanguard", "Atlas", "Hyperion", "Tansa", "Apollo", "Swift", "Victory"], "option_type": "single"}, 
 {"question": "How many hours per day (on - and off shift) do you spend sitting orphysically inactive?", "options": ["Less than 2 hrs", "3 - 4 hrs", "5 - 7 hrs", "8 - 11 hrs", "Over 11 hrs"], "option_type": "single"}, 
 {"question": "How often do you go outside to get some fresh air during a day?", "options": ["Never", "Almost never", "Sometimes", "Fairly often", "Very often"], "option_type": "single"}, 
 {"question": "How often do you do exercise in your time off per week?", "options": ["Never", "0 - 60 minutes", "61 - 100 minutes", "101 - 149 minutes", "150 - 300 minutes", "More than 300 minutes"], "option_type": "single"}, 
 {"question": "How many servings of fruit and vegetables do you usually eat per day (athome and at work)?", "options": ["1 or less", "2 servings", "3 servings", "4 servings", "5 or more"], "option_type": "single"}, 
 {"question": "How many days a week do you usually eat fast food or food that is highin fat and salt (at home and at work)?", "options": ["None", "1", "2 - 3 times", "4 - 5 times", "5 or more"], "option_type": "single"}, 
 {"question": "Healthy options that I want to eat are served onboard?", "options": ["Never", "Almost never", "Sometimes", "Fairly often", "Very often"], "option_type": "single"}, 
 {"question": "When was the last time you had your cholesterol measured?", "options": ["Never", "Last month", "6 months", "1 year", "Over 2 years"], "option_type": "single"}, 
 {"question": "When was the last time you had your blood pressuremeasured?", "options": ["Last month", "6 months", "1 year", "Over 2 years"], "option_type": "single"}, 
 {"question": "I\u2019m comfortable seeing the Medic if I feel unwell.", "options": ["Strongly agree", "Agree", "Neutral", "Disagree", "Strongly disagree"], "option_type": "single"}, 
 {"question": "In the last month, how often have you felt that you were unable to control the important things in your life?", "options": ["Never", "Almost never", "Sometimes", "Fairly often", "Very often"], "option_type": "single"}, 
 {"question": "In the last month, how often have you felt confident about your ability to handle your personal problems?", "options": ["Never", "Almost never", "Sometimes", "Fairly often", "Very often"], "option_type": "single"}, 
 {"question": "In the last month, how often have you felt that things were going yourway?", "options": ["Never", "Almost never", "Sometimes", "Fairly often", "Very often"], "option_type": "single"}, 
 {"question": "In the last month, how often have you felt difficulties were piling up sohigh that you could not overcome them?", "options": ["Never", "Almost never", "Sometimes", "Fairly often", "Very often"], "option_type": "single"}, 
 {"question": "How ofte{n are you able to stay in touch with your family and friends while offshore?", "options": ["Never", "Almost never", "Sometimes", "Fairly often", "Very often"], "option_type": "single"}, 
 {"question": "How often do you socialize with you colleagues off shift?", "options": ["Never", "Almost never", "Sometimes", "Fairly often", "Very often"], "option_type": "single"}, 
 {"question": "Welfare and sports offerings onboard are good?", "options": ["Strongly agree", "Agree", "Neutral", "Disagree", "Strongly disagree"], "option_type": "single"}, 
 {"question": "I am comfortable seeing the Medic if I feel distressed or down.", "options": ["Strongly agree", "Agree", "Neutral", "Disagree", "Strongly disagree"], "option_type": "single"}, 
 {"question": "Are you aware of the emotional support services provided by PGS", "options": ["Not aware", "Aware", "I have used them"], "option_type": "single"}, 
 {"question": "How often have you felt unsafe at work during the last 6 months?", "options": ["Never", "Almost never", "Sometimes", "Fairly often", "Very often"], "option_type": "single"}, 
 {"question": "The safety culture in my department is good", "options": ["Strongly agree", "Agree", "Neutral", "Disagree", "Strongly disagree"], "option_type": "single"}, 
 {"question": "I don't have a problem stopping the job if I see anything unsafe", "options": ["Strongly agree", "Agree", "Neutral", "Disagree", "Strongly disagree"]}, 
 {"question": "How often do you feel a rush to complete a job quickly?", "options": ["Never", "Almost never", "Sometimes", "Fairly often", "Very often"], "option_type": "single"}, 
 {"question": "How often are you distracted or find it difficult to concentrate?", "options": ["Never", "Almost never", "Sometimes", "Fairly often", "Very often"], "option_type": "single"}, 
 {"question": "On an average day, I usually get the following hours of sleep", "options": ["0-2", "3-4", "5-6", "7-8", "9-10"], "option_type": "single"}, 
 {"question": "I am able to adapt when changes occur", "options": ["Not true at all", "Rarely true", "Sometimes true", "Often true", "True nearly all the time"], "option_type": "single"},
 {"question": "I tend to bounce back after illness, injury or other hardships", "options": ["Not true at all", "Rarely true", "Sometimes true", "Often true", "True nearly all the time"], "option_type": "single"}
 ]
}